transaction_id,customer_id,amount,currency,timestamp,merchant_category,country,payment_method,customer_avg_amount,customer_home_country,source
TXN-30001,CUST-1028,48616.72,INR,2026-10-02 07:23:58,Retail,US,UPI,2049.19,US,generator
TXN-30010,CUST-1020,2351.65,INR,2026-10-02 08:13:47,Gambling,IN,Bank Transfer,1981.21,IN,generator
TXN-30002,CUST-1025,61097.98,INR,2026-10-02 07:24:14,Retail,AE,UPI,1441.93,AE,generator
TXN-30007,CUST-1016,2388.49,INR,2026-10-02 07:55:52,Electronics,US,Wallet,2908.95,GB,generator
TXN-30027,CUST-1019,2180.64,INR,2026-10-02 10:01:22,Retail,ZZ_INVALID,Card,1907.02,AE,generator
TXN-30017,CUST-1042,2026.08,INR,2026-10-02 09:15:41,Retail,IN,Wallet,3454.58,IN,generator
TXN-30021,CUST-1043,2141.56,INR,not-a-valid-date,Retail,US,Card,502.4,US,generator
TXN-30023,CUST-1012,-1395.05,INR,2026-10-02 09:41:22,Retail,US,Card,2177.57,US,generator
TXN-30028,CUST-1048,4250.74,INR,not-a-valid-date,Retail,AE,Card,3124.62,AE,generator
TXN-30015,CUST-1026,351.45,INR,2026-10-02 09:02:12,Grocery,GB,Wallet,673.29,GB,generator
TXN-30011,CUST-1037,58144.45,INR,2026-10-02 08:15:27,Travel,SG,Bank Transfer,1703.11,SG,generator
TXN-30001,CUST-1049,1394.07,INR,2026-10-02 10:11:22,Retail,AE,Card,2007.96,AE,generator
TXN-30009,CUST-1001,2503.49,INR,2026-10-02 08:10:52,Travel,DE,Wallet,1229.8,IN,generator
TXN-30019,,1471.97,INR,2026-10-02 09:21:22,Retail,SG,Card,1160.01,SG,generator
TXN-30018,CUST-1022,73481.39,INR,2026-10-02 09:21:22,Retail,SG,Card,1211.85,SG,generator
TXN-30024,CUST-1038,0.0,INR,2026-10-02 09:46:22,Retail,GB,Card,594.09,GB,generator
TXN-30005,CUST-1017,1709.34,INR,2026-10-02 07:51:49,Electronics,IN,Net Banking,1634.54,IN,generator
TXN-30013,CUST-1014,2741.51,INR,2026-10-02 08:40:30,Utilities,IN,Card,2017.18,IN,generator
TXN-30008,CUST-1023,1003.83,INR,2026-10-02 07:57:44,Entertainment,IN,UPI,2118.03,IN,generator
TXN-30003,CUST-1050,756.99,INR,2026-10-02 07:30:37,Retail,IN,Net Banking,853.03,IN,generator
TXN-30020,CUST-1043,0.0,INR,2026-10-02 09:26:22,Retail,US,Card,502.4,US,generator
TXN-30001,CUST-1003,735.74,INR,2026-10-02 10:16:22,Retail,US,Card,2062.23,US,generator
TXN-30006,CUST-1008,696.92,INR,2026-10-02 07:55:47,Retail,US,Wallet,616.62,US,generator
TXN-30022,CUST-1027,1776.52,INR,not-a-valid-date,Retail,IN,Card,3178.06,IN,generator
TXN-30014,CUST-1036,1032.38,INR,2026-10-02 08:48:27,Retail,FR,UPI,1242.98,SG,generator
TXN-30025,CUST-1039,-1017.34,INR,2026-10-02 09:51:22,Retail,SG,Card,675.25,SG,generator
TXN-30012,CUST-1039,34178.72,INR,2026-10-02 08:25:28,Electronics,SG,Wallet,675.25,SG,generator
TXN-30026,CUST-1041,632.53,INR,2026-10-02 09:56:22,Retail,ZZ_INVALID,Card,2094.41,IN,generator
TXN-30016,CUST-1003,3178.57,INR,2026-10-02 09:11:56,Retail,US,UPI,2062.23,US,generator
TXN-30004,CUST-1007,4625.32,INR,2026-10-02 07:38:44,Electronics,CA,UPI,2798.12,US,generator
